"ICU Beds - Bar","2020-09-11","2020-09-10","Adult Intensive Care Beds in Use by COVID Patients","185","0.111244738424534","0.111244738424534",""
"ICU Beds - Bar","2020-09-10","2020-09-09","Adult Intensive Care Beds in Use by COVID Patients","171","0.102579484103179","0.102579484103179",""
"ICU Beds - Bar","2020-09-09","2020-09-08","Adult Intensive Care Beds in Use by COVID Patients","204","0.122302158273381","0.122302158273381",""
"ICU Beds - Bar","2020-09-08","2020-09-07","Adult Intensive Care Beds in Use by COVID Patients","203","0.121848739495798","0.121848739495798",""
"ICU Beds - Bar","2020-09-07","2020-09-06","Adult Intensive Care Beds in Use by COVID Patients","212","0.127022168963451","0.127022168963451",""
"ICU Beds - Bar","2020-09-06","2020-09-05","Adult Intensive Care Beds in Use by COVID Patients","221","0.132494004796163","0.132494004796163",""
"ICU Beds - Bar","2020-09-05","2020-09-04","Adult Intensive Care Beds in Use by COVID Patients","229","0.137125748502994","0.137125748502994",""
"ICU Beds - Bar","2020-09-04","2020-09-03","Adult Intensive Care Beds in Use by COVID Patients","225","0.134730538922156","0.134730538922156",""
"ICU Beds - Bar","2020-09-03","2020-09-02","Adult Intensive Care Beds in Use by COVID Patients","236","0.141486810551559","0.141486810551559",""
"ICU Beds - Bar","2020-09-02","2020-09-01","Adult Intensive Care Beds in Use by COVID Patients","241","0.144484412470024","0.144484412470024",""
"ICU Beds - Bar","2020-09-01","2020-08-31","Adult Intensive Care Beds in Use by COVID Patients","248","0.149038461538462","0.149038461538462",""
"ICU Beds - Bar","2020-08-31","2020-08-30","Adult Intensive Care Beds in Use by COVID Patients","253","0.151951951951952","0.151951951951952",""
"ICU Beds - Bar","2020-08-30","2020-08-29","Adult Intensive Care Beds in Use by COVID Patients","256","0.15421686746988","0.15421686746988",""
"ICU Beds - Bar","2020-08-29","2020-08-28","Adult Intensive Care Beds in Use by COVID Patients","263","0.15748502994012","0.15748502994012",""
"ICU Beds - Bar","2020-08-28","2020-08-27","Adult Intensive Care Beds in Use by COVID Patients","262","0.157074340527578","0.157074340527578",""
"ICU Beds - Bar","2020-08-27","2020-08-26","Adult Intensive Care Beds in Use by COVID Patients","272","0.160756501182033","0.160756501182033",""
"ICU Beds - Bar","2020-08-26","2020-08-25","Adult Intensive Care Beds in Use by COVID Patients","311","0.183914843287995","0.183914843287995",""
"ICU Beds - Bar","2020-08-25","2020-08-24","Adult Intensive Care Beds in Use by COVID Patients","305","0.180687203791469","0.180687203791469",""
"ICU Beds - Bar","2020-08-24","2020-08-23","Adult Intensive Care Beds in Use by COVID Patients","319","0.190107270560191","0.190107270560191",""
"ICU Beds - Bar","2020-08-23","2020-08-22","Adult Intensive Care Beds in Use by COVID Patients","345","0.205724508050089","0.205724508050089",""
"ICU Beds - Bar","2020-08-22","2020-08-21","Adult Intensive Care Beds in Use by COVID Patients","329","0.195949970220369","0.195949970220369",""
"ICU Beds - Bar","2020-08-21","2020-08-20","Adult Intensive Care Beds in Use by COVID Patients","363","0.215814506539834","0.215814506539834",""
"ICU Beds - Bar","2020-08-20","2020-08-19","Adult Intensive Care Beds in Use by COVID Patients","365","0.216360403082395","0.216360403082395",""
"ICU Beds - Bar","2020-08-19","2020-08-18","Adult Intensive Care Beds in Use by COVID Patients","388","0.229857819905213","0.229857819905213",""
"ICU Beds - Bar","2020-08-18","2020-08-17","Adult Intensive Care Beds in Use by COVID Patients","414","0.242530755711775","0.242530755711775",""
"ICU Beds - Bar","2020-08-17","2020-08-16","Adult Intensive Care Beds in Use by COVID Patients","427","0.249707602339181","0.249707602339181",""
"ICU Beds - Bar","2020-08-16","2020-08-15","Adult Intensive Care Beds in Use by COVID Patients","430","0.252792475014697","0.252792475014697",""
"ICU Beds - Bar","2020-08-15","2020-08-14","Adult Intensive Care Beds in Use by COVID Patients","417","0.244145199063232","0.244145199063232",""
"ICU Beds - Bar","2020-08-14","2020-08-13","Adult Intensive Care Beds in Use by COVID Patients","442","0.259847148736038","0.259847148736038",""
"ICU Beds - Bar","2020-08-13","2020-08-12","Adult Intensive Care Beds in Use by COVID Patients","473","0.277582159624413","0.277582159624413",""
"ICU Beds - Bar","2020-08-12","2020-08-11","Adult Intensive Care Beds in Use by COVID Patients","497","0.290134267367192","0.290134267367192",""
"ICU Beds - Bar","2020-08-11","2020-08-10","Adult Intensive Care Beds in Use by COVID Patients","519","0.300173510699827","0.300173510699827",""
"ICU Beds - Bar","2020-08-10","2020-08-09","Adult Intensive Care Beds in Use by COVID Patients","510","0.295138888888889","0.295138888888889",""
"ICU Beds - Bar","2020-08-09","2020-08-08","Adult Intensive Care Beds in Use by COVID Patients","506","0.292485549132948","0.292485549132948",""
"ICU Beds - Bar","2020-08-08","2020-08-07","Adult Intensive Care Beds in Use by COVID Patients","514","0.297281665702718","0.297281665702718",""
"ICU Beds - Bar","2020-08-07","2020-08-06","Adult Intensive Care Beds in Use by COVID Patients","539","0.309770114942529","0.309770114942529",""
"ICU Beds - Bar","2020-08-06","2020-08-05","Adult Intensive Care Beds in Use by COVID Patients","565","0.325273459988486","0.325273459988486",""
"ICU Beds - Bar","2020-08-05","2020-08-04","Adult Intensive Care Beds in Use by COVID Patients","593","0.341000575043128","0.341000575043128",""
"ICU Beds - Bar","2020-08-04","2020-08-03","Adult Intensive Care Beds in Use by COVID Patients","618","0.353546910755149","0.353546910755149",""
"ICU Beds - Bar","2020-08-03","2020-08-02","Adult Intensive Care Beds in Use by COVID Patients","638","0.365406643757159","0.365406643757159",""
"ICU Beds - Bar","2020-08-02","2020-08-01","Adult Intensive Care Beds in Use by COVID Patients","628","0.360505166475316","0.360505166475316",""
"ICU Beds - Bar","2020-08-01","2020-07-31","Adult Intensive Care Beds in Use by COVID Patients","685","0.394812680115274","0.394812680115274",""
"ICU Beds - Bar","2020-07-31","2020-07-30","Adult Intensive Care Beds in Use by COVID Patients","710","0.410167533217793","0.410167533217793",""
"ICU Beds - Bar","2020-07-30","2020-07-29","Adult Intensive Care Beds in Use by COVID Patients","719","0.41657010428737","0.41657010428737",""
"ICU Beds - Bar","2020-07-29","2020-07-28","Adult Intensive Care Beds in Use by COVID Patients","758","0.439165701042874","0.439165701042874",""
"ICU Beds - Bar","2020-07-28","2020-07-27","Adult Intensive Care Beds in Use by COVID Patients","800","0.466744457409568","0.466744457409568",""
"ICU Beds - Bar","2020-07-27","2020-07-26","Adult Intensive Care Beds in Use by COVID Patients","814","0.47741935483871","0.47741935483871",""
"ICU Beds - Bar","2020-07-26","2020-07-25","Adult Intensive Care Beds in Use by COVID Patients","820","0.480938416422287","0.480938416422287",""
"ICU Beds - Bar","2020-07-25","2020-07-24","Adult Intensive Care Beds in Use by COVID Patients","837","0.490621336459555","0.490621336459555",""
"ICU Beds - Bar","2020-07-24","2020-07-23","Adult Intensive Care Beds in Use by COVID Patients","842","0.495585638610948","0.495585638610948",""
"ICU Beds - Bar","2020-07-23","2020-07-22","Adult Intensive Care Beds in Use by COVID Patients","837","0.494973388527499","0.494973388527499",""
"ICU Beds - Bar","2020-07-22","2020-07-21","Adult Intensive Care Beds in Use by COVID Patients","851","0.502064896755162","0.502064896755162",""
"ICU Beds - Bar","2020-07-21","2020-07-20","Adult Intensive Care Beds in Use by COVID Patients","870","0.513274336283186","0.513274336283186",""
"ICU Beds - Bar","2020-07-20","2020-07-19","Adult Intensive Care Beds in Use by COVID Patients","865","0.508823529411765","0.508823529411765",""
"ICU Beds - Bar","2020-07-19","2020-07-18","Adult Intensive Care Beds in Use by COVID Patients","886","0.523331364441819","0.523331364441819",""
"ICU Beds - Bar","2020-07-18","2020-07-17","Adult Intensive Care Beds in Use by COVID Patients","894","0.528681253696038","0.528681253696038",""
"ICU Beds - Bar","2020-07-17","2020-07-16","Adult Intensive Care Beds in Use by COVID Patients","894","0.527433628318584","0.527433628318584",""
"ICU Beds - Bar","2020-07-16","2020-07-15","Adult Intensive Care Beds in Use by COVID Patients","944","0.557590076786769","0.557590076786769",""
"ICU Beds - Bar","2020-07-15","2020-07-14","Adult Intensive Care Beds in Use by COVID Patients","918","0.544483985765125","0.544483985765125",""
"ICU Beds - Bar","2020-07-14","2020-07-13","Adult Intensive Care Beds in Use by COVID Patients","929","0.548082595870207","0.548082595870207",""
"ICU Beds - Bar","2020-07-13","2020-07-12","Adult Intensive Care Beds in Use by COVID Patients","970","0.572271386430678","0.572271386430678",""
"ICU Beds - Bar","2020-07-12","2020-07-11","Adult Intensive Care Beds in Use by COVID Patients","936","0.559139784946237","0.559139784946237",""
"ICU Beds - Bar","2020-07-11","2020-07-10","Adult Intensive Care Beds in Use by COVID Patients","922","0.545885139135583","0.545885139135583",""
"ICU Beds - Bar","2020-07-10","2020-07-09","Adult Intensive Care Beds in Use by COVID Patients","899","0.519653179190752","0.519653179190752",""
"ICU Beds - Bar","2020-07-09","2020-07-08","Adult Intensive Care Beds in Use by COVID Patients","876","0.522361359570662","0.522361359570662",""
"ICU Beds - Bar","2020-07-08","2020-07-07","Adult Intensive Care Beds in Use by COVID Patients","861","0.51311084624553","0.51311084624553",""
"ICU Beds - Bar","2020-07-07","2020-07-06","Adult Intensive Care Beds in Use by COVID Patients","871","0.517835909631391","0.517835909631391",""
"ICU Beds - Bar","2020-07-06","2020-07-05","Adult Intensive Care Beds in Use by COVID Patients","869","0.527305825242718","0.527305825242718",""
"ICU Beds - Bar","2020-07-05","2020-07-04","Adult Intensive Care Beds in Use by COVID Patients","839","0.512210012210012","0.512210012210012",""
"ICU Beds - Bar","2020-07-04","2020-07-03","Adult Intensive Care Beds in Use by COVID Patients","821","0.5","0.5",""
"ICU Beds - Bar","2020-07-03","2020-07-02","Adult Intensive Care Beds in Use by COVID Patients","796","0.484184914841849","0.484184914841849",""
"ICU Beds - Bar","2020-07-02","2020-07-01","Adult Intensive Care Beds in Use by COVID Patients","741","0.442124105011933","0.442124105011933",""
"ICU Beds - Bar","2020-07-01","2020-06-30","Adult Intensive Care Beds in Use by COVID Patients","723","0.432416267942584","0.432416267942584",""
"ICU Beds - Bar","2020-06-30","2020-06-29","Adult Intensive Care Beds in Use by COVID Patients","675","0.401307966706302","0.401307966706302",""
"ICU Beds - Bar","2020-06-29","2020-06-28","Adult Intensive Care Beds in Use by COVID Patients","683","0.411693791440627","0.411693791440627",""
"ICU Beds - Bar","2020-06-28","2020-06-27","Adult Intensive Care Beds in Use by COVID Patients","679","0.397076023391813","0.397076023391813",""
"ICU Beds - Bar","2020-06-27","2020-06-26","Adult Intensive Care Beds in Use by COVID Patients","666","0.391995291347852","0.391995291347852",""
"ICU Beds - Bar","2020-06-26","2020-06-25","Adult Intensive Care Beds in Use by COVID Patients","657","0.390838786436645","0.390838786436645",""
"ICU Beds - Bar","2020-06-25","2020-06-24","Adult Intensive Care Beds in Use by COVID Patients","625","0.3700414446418","0.3700414446418",""
"ICU Beds - Bar","2020-06-24","2020-06-23","Adult Intensive Care Beds in Use by COVID Patients","611","0.360897814530419","0.360897814530419",""
"ICU Beds - Bar","2020-06-23","2020-06-22","Adult Intensive Care Beds in Use by COVID Patients","581","0.347488038277512","0.347488038277512",""
"ICU Beds - Bar","2020-06-22","2020-06-21","Adult Intensive Care Beds in Use by COVID Patients","614","0.365911799761621","0.365911799761621",""
"ICU Beds - Bar","2020-06-21","2020-06-20","Adult Intensive Care Beds in Use by COVID Patients","583","0.350782190132371","0.350782190132371",""
"ICU Beds - Bar","2020-06-20","2020-06-19","Adult Intensive Care Beds in Use by COVID Patients","556","0.334134615384615","0.334134615384615",""
"ICU Beds - Bar","2020-06-19","2020-06-18","Adult Intensive Care Beds in Use by COVID Patients","546","0.328519855595668","0.328519855595668",""
"ICU Beds - Bar","2020-06-18","2020-06-17","Adult Intensive Care Beds in Use by COVID Patients","519","0.311899038461538","0.311899038461538",""
"ICU Beds - Bar","2020-06-17","2020-06-16","Adult Intensive Care Beds in Use by COVID Patients","540","0.324129651860744","0.324129651860744",""
"ICU Beds - Bar","2020-06-16","2020-06-15","Adult Intensive Care Beds in Use by COVID Patients","531","0.319686935580975","0.319686935580975",""
"ICU Beds - Bar","2020-06-15","2020-06-14","Adult Intensive Care Beds in Use by COVID Patients","502","0.305911029859842","0.305911029859842",""
"ICU Beds - Bar","2020-06-14","2020-06-13","Adult Intensive Care Beds in Use by COVID Patients","464","0.283272283272283","0.283272283272283",""
"ICU Beds - Bar","2020-06-13","2020-06-12","Adult Intensive Care Beds in Use by COVID Patients","452","0.272782136391068","0.272782136391068",""
"ICU Beds - Bar","2020-06-12","2020-06-11","Adult Intensive Care Beds in Use by COVID Patients","447","0.268629807692308","0.268629807692308",""
"ICU Beds - Bar","2020-06-11","2020-06-10","Adult Intensive Care Beds in Use by COVID Patients","429","0.257657657657658","0.257657657657658",""
"ICU Beds - Bar","2020-06-10","2020-06-09","Adult Intensive Care Beds in Use by COVID Patients","429","0.258745476477684","0.258745476477684",""
"ICU Beds - Bar","2020-06-09","2020-06-08","Adult Intensive Care Beds in Use by COVID Patients","413","0.249245624622812","0.249245624622812",""
"ICU Beds - Bar","2020-06-08","2020-06-07","Adult Intensive Care Beds in Use by COVID Patients","438","0.264173703256936","0.264173703256936",""
"ICU Beds - Bar","2020-06-07","2020-06-06","Adult Intensive Care Beds in Use by COVID Patients","390","0.2508038585209","0.2508038585209",""
"ICU Beds - Bar","2020-06-06","2020-06-05","Adult Intensive Care Beds in Use by COVID Patients","392","0.250159540523293","0.250159540523293",""
"ICU Beds - Bar","2020-06-05","2020-06-04","Adult Intensive Care Beds in Use by COVID Patients","391","0.249521378430121","0.249521378430121",""
"ICU Beds - Bar","2020-06-04","2020-06-03","Adult Intensive Care Beds in Use by COVID Patients","372","0.237244897959184","0.237244897959184",""
"ICU Beds - Bar","2020-06-03","2020-06-02","Adult Intensive Care Beds in Use by COVID Patients","375","0.223747016706444","0.223747016706444",""
"ICU Beds - Bar","2020-06-02","2020-06-01","Adult Intensive Care Beds in Use by COVID Patients","379","0.226403823178017","0.226403823178017",""
"ICU Beds - Bar","2020-06-01","2020-05-31","Adult Intensive Care Beds in Use by COVID Patients","380","0.227272727272727","0.227272727272727",""
"ICU Beds - Bar","2020-05-31","2020-05-30","Adult Intensive Care Beds in Use by COVID Patients","377","0.225478468899522","0.225478468899522",""
"ICU Beds - Bar","2020-05-30","2020-05-29","Adult Intensive Care Beds in Use by COVID Patients","376","0.225961538461538","0.225961538461538",""
"ICU Beds - Bar","2020-05-29","2020-05-28","Adult Intensive Care Beds in Use by COVID Patients","386","0.231831831831832","0.231831831831832",""
"ICU Beds - Bar","2020-05-28","2020-05-27","Adult Intensive Care Beds in Use by COVID Patients","378","0.225941422594142","0.225941422594142",""
"ICU Beds - Bar","2020-05-27","2020-05-26","Adult Intensive Care Beds in Use by COVID Patients","374","0.22503008423586","0.22503008423586",""
"ICU Beds - Bar","2020-05-26","2020-05-25","Adult Intensive Care Beds in Use by COVID Patients","376","0.226369656833233","0.226369656833233",""
"ICU Beds - Bar","2020-05-25","2020-05-24","Adult Intensive Care Beds in Use by COVID Patients","337","0.202767749699158","0.202767749699158",""
"ICU Beds - Bar","2020-05-24","2020-05-23","Adult Intensive Care Beds in Use by COVID Patients","334","0.200600600600601","0.200600600600601",""
"ICU Beds - Bar","2020-05-23","2020-05-22","Adult Intensive Care Beds in Use by COVID Patients","321","0.194074969770254","0.194074969770254",""
"ICU Beds - Bar","2020-05-22","2020-05-21","Adult Intensive Care Beds in Use by COVID Patients","309","0.186144578313253","0.186144578313253",""
"ICU Beds - Bar","2020-05-21","2020-05-20","Adult Intensive Care Beds in Use by COVID Patients","311","0.188256658595642","0.188256658595642",""
"ICU Beds - Bar","2020-05-20","2020-05-19","Adult Intensive Care Beds in Use by COVID Patients","299","0.180664652567976","0.180664652567976",""
"ICU Beds - Bar","2020-05-19","2020-05-18","Adult Intensive Care Beds in Use by COVID Patients","298","0.17919422730006","0.17919422730006",""
"ICU Beds - Bar","2020-05-18","2020-05-17","Adult Intensive Care Beds in Use by COVID Patients","318","0.191220685508118","0.191220685508118",""
"ICU Beds - Bar","2020-05-17","2020-05-16","Adult Intensive Care Beds in Use by COVID Patients","347","0.209162145871007","0.209162145871007",""
"ICU Beds - Bar","2020-05-16","2020-05-15","Adult Intensive Care Beds in Use by COVID Patients","337","0.201796407185629","0.201796407185629",""
"ICU Beds - Bar","2020-05-15","2020-05-14","Adult Intensive Care Beds in Use by COVID Patients","340","0.203714799281007","0.203714799281007",""
"ICU Beds - Bar","2020-05-14","2020-05-13","Adult Intensive Care Beds in Use by COVID Patients","312","0.190243902439024","0.190243902439024",""
"ICU Beds - Bar","2020-05-13","2020-05-12","Adult Intensive Care Beds in Use by COVID Patients","323","0.195757575757576","0.195757575757576",""
"ICU Beds - Bar","2020-05-12","2020-05-11","Adult Intensive Care Beds in Use by COVID Patients","292","0.177615571776156","0.177615571776156",""
"ICU Beds - Bar","2020-05-11","2020-05-10","Adult Intensive Care Beds in Use by COVID Patients","318","0.193195625759417","0.193195625759417",""
"ICU Beds - Bar","2020-05-10","2020-05-09","Adult Intensive Care Beds in Use by COVID Patients","297","0.180547112462006","0.180547112462006",""
"ICU Beds - Bar","2020-05-09","2020-05-08","Adult Intensive Care Beds in Use by COVID Patients","300","0.182149362477231","0.182149362477231",""
"ICU Beds - Bar","2020-05-08","2020-05-07","Adult Intensive Care Beds in Use by COVID Patients","296","0.179611650485437","0.179611650485437",""
"ICU Beds - Bar","2020-05-07","2020-05-06","Adult Intensive Care Beds in Use by COVID Patients","295","0.179004854368932","0.179004854368932",""
"ICU Beds - Bar","2020-05-06","2020-05-05","Adult Intensive Care Beds in Use by COVID Patients","288","0.174863387978142","0.174863387978142",""
"ICU Beds - Bar","2020-05-05","2020-05-04","Adult Intensive Care Beds in Use by COVID Patients","286","0.173228346456693","0.173228346456693",""
"ICU Beds - Bar","2020-05-04","2020-05-03","Adult Intensive Care Beds in Use by COVID Patients","303","0.183636363636364","0.183636363636364",""
"ICU Beds - Bar","2020-05-03","2020-05-02","Adult Intensive Care Beds in Use by COVID Patients","288","0.174757281553398","0.174757281553398",""
"ICU Beds - Bar","2020-05-02","2020-05-01","Adult Intensive Care Beds in Use by COVID Patients","282","0.171220400728598","0.171220400728598",""
"ICU Beds - Bar","2020-05-01","2020-04-30","Adult Intensive Care Beds in Use by COVID Patients","291","0.177330895795247","0.177330895795247",""
"ICU Beds - Bar","2020-04-30","2020-04-29","Adult Intensive Care Beds in Use by COVID Patients","311","0.188029020556227","0.188029020556227",""
"ICU Beds - Bar","2020-04-29","2020-04-28","Adult Intensive Care Beds in Use by COVID Patients","311","0.188942891859052","0.188942891859052",""
"ICU Beds - Bar","2020-04-28","2020-04-27","Adult Intensive Care Beds in Use by COVID Patients","312","0.189435336976321","0.189435336976321",""
"ICU Beds - Bar","2020-04-27","2020-04-26","Adult Intensive Care Beds in Use by COVID Patients","303","0.181328545780969","0.181328545780969",""
"ICU Beds - Bar","2020-04-26","2020-04-25","Adult Intensive Care Beds in Use by COVID Patients","328","0.197352587244284","0.197352587244284",""
"ICU Beds - Bar","2020-04-25","2020-04-24","Adult Intensive Care Beds in Use by COVID Patients","308","0.185430463576159","0.185430463576159",""
"ICU Beds - Bar","2020-04-24","2020-04-23","Adult Intensive Care Beds in Use by COVID Patients","313","0.188781664656212","0.188781664656212",""
"ICU Beds - Bar","2020-04-23","2020-04-22","Adult Intensive Care Beds in Use by COVID Patients","332","0.201946472019465","0.201946472019465",""
"ICU Beds - Bar","2020-04-22","2020-04-21","Adult Intensive Care Beds in Use by COVID Patients","305","0.183513838748496","0.183513838748496",""
"ICU Beds - Bar","2020-04-21","2020-04-20","Adult Intensive Care Beds in Use by COVID Patients","301","0.180455635491607","0.180455635491607",""
"ICU Beds - Bar","2020-04-20","2020-04-19","Adult Intensive Care Beds in Use by COVID Patients","290","0.17565112053301","0.17565112053301",""
"ICU Beds - Bar","2020-04-19","2020-04-18","Adult Intensive Care Beds in Use by COVID Patients","285","0.17304189435337","0.17304189435337",""
"ICU Beds - Bar","2020-04-18","2020-04-17","Adult Intensive Care Beds in Use by COVID Patients","283","0.171827565270188","0.171827565270188",""
"ICU Beds - Bar","2020-04-17","2020-04-16","Adult Intensive Care Beds in Use by COVID Patients","281","0.170613236187007","0.170613236187007",""
"ICU Beds - Bar","2020-04-16","2020-04-15","Adult Intensive Care Beds in Use by COVID Patients","285","0.173252279635258","0.173252279635258",""
"ICU Beds - Bar","2020-04-15","2020-04-14","Adult Intensive Care Beds in Use by COVID Patients","278","0.171923314780458","0.171923314780458",""
"ICU Beds - Bar","2020-04-14","2020-04-13","Adult Intensive Care Beds in Use by COVID Patients","279","0.173399627097576","0.173399627097576",""
"ICU Beds - Bar","2020-04-13","2020-04-12","Adult Intensive Care Beds in Use by COVID Patients","270","0.170025188916877","0.170025188916877",""
"ICU Beds - Bar","2020-04-12","2020-04-11","Adult Intensive Care Beds in Use by COVID Patients","274","0.174411203055379","0.174411203055379",""
"ICU Beds - Bar","2020-04-11","2020-04-10","Adult Intensive Care Beds in Use by COVID Patients","286","0.18078381795196","0.18078381795196",""
"ICU Beds - Bar","2020-04-10","2020-04-09","Adult Intensive Care Beds in Use by COVID Patients","268","0.168978562421185","0.168978562421185",""
"ICU Beds - Bar","2020-04-09","2020-04-08","Adult Intensive Care Beds in Use by COVID Patients","248","0.158365261813538","0.158365261813538",""
"ICU Beds - Bar","2020-04-08","2020-04-07","Adult Intensive Care Beds in Use by COVID Patients","155","0.0987890376035692","0.0987890376035692",""
"ICU Beds - Bar","2020-09-11","2020-09-10","Adult Intensive Care Beds in Use by Non-COVID Patients","1111","0.668069753457607","0.668069753457607",""
"ICU Beds - Bar","2020-09-10","2020-09-09","Adult Intensive Care Beds in Use by Non-COVID Patients","1129","0.677264547090582","0.677264547090582",""
"ICU Beds - Bar","2020-09-09","2020-09-08","Adult Intensive Care Beds in Use by Non-COVID Patients","1098","0.658273381294964","0.658273381294964",""
"ICU Beds - Bar","2020-09-08","2020-09-07","Adult Intensive Care Beds in Use by Non-COVID Patients","1055","0.633253301320528","0.633253301320528",""
"ICU Beds - Bar","2020-09-07","2020-09-06","Adult Intensive Care Beds in Use by Non-COVID Patients","1053","0.630916716596765","0.630916716596765",""
"ICU Beds - Bar","2020-09-06","2020-09-05","Adult Intensive Care Beds in Use by Non-COVID Patients","1073","0.643285371702638","0.643285371702638",""
"ICU Beds - Bar","2020-09-05","2020-09-04","Adult Intensive Care Beds in Use by Non-COVID Patients","1072","0.641916167664671","0.641916167664671",""
"ICU Beds - Bar","2020-09-04","2020-09-03","Adult Intensive Care Beds in Use by Non-COVID Patients","1093","0.654491017964072","0.654491017964072",""
"ICU Beds - Bar","2020-09-03","2020-09-02","Adult Intensive Care Beds in Use by Non-COVID Patients","1094","0.655875299760192","0.655875299760192",""
"ICU Beds - Bar","2020-09-02","2020-09-01","Adult Intensive Care Beds in Use by Non-COVID Patients","1088","0.652278177458034","0.652278177458034",""
"ICU Beds - Bar","2020-09-01","2020-08-31","Adult Intensive Care Beds in Use by Non-COVID Patients","1063","0.638822115384615","0.638822115384615",""
"ICU Beds - Bar","2020-08-31","2020-08-30","Adult Intensive Care Beds in Use by Non-COVID Patients","1036","0.622222222222222","0.622222222222222",""
"ICU Beds - Bar","2020-08-30","2020-08-29","Adult Intensive Care Beds in Use by Non-COVID Patients","1027","0.618674698795181","0.618674698795181",""
"ICU Beds - Bar","2020-08-29","2020-08-28","Adult Intensive Care Beds in Use by Non-COVID Patients","1058","0.633532934131737","0.633532934131737",""
"ICU Beds - Bar","2020-08-28","2020-08-27","Adult Intensive Care Beds in Use by Non-COVID Patients","1055","0.632494004796163","0.632494004796163",""
"ICU Beds - Bar","2020-08-27","2020-08-26","Adult Intensive Care Beds in Use by Non-COVID Patients","1066","0.630023640661939","0.630023640661939",""
"ICU Beds - Bar","2020-08-26","2020-08-25","Adult Intensive Care Beds in Use by Non-COVID Patients","1043","0.616794795978711","0.616794795978711",""
"ICU Beds - Bar","2020-08-25","2020-08-24","Adult Intensive Care Beds in Use by Non-COVID Patients","1028","0.609004739336493","0.609004739336493",""
"ICU Beds - Bar","2020-08-24","2020-08-23","Adult Intensive Care Beds in Use by Non-COVID Patients","970","0.578069129916567","0.578069129916567",""
"ICU Beds - Bar","2020-08-23","2020-08-22","Adult Intensive Care Beds in Use by Non-COVID Patients","971","0.579010137149672","0.579010137149672",""
"ICU Beds - Bar","2020-08-22","2020-08-21","Adult Intensive Care Beds in Use by Non-COVID Patients","990","0.589636688505063","0.589636688505063",""
"ICU Beds - Bar","2020-08-21","2020-08-20","Adult Intensive Care Beds in Use by Non-COVID Patients","956","0.568370986920333","0.568370986920333",""
"ICU Beds - Bar","2020-08-20","2020-08-19","Adult Intensive Care Beds in Use by Non-COVID Patients","951","0.563722584469472","0.563722584469472",""
"ICU Beds - Bar","2020-08-19","2020-08-18","Adult Intensive Care Beds in Use by Non-COVID Patients","934","0.553317535545024","0.553317535545024",""
"ICU Beds - Bar","2020-08-18","2020-08-17","Adult Intensive Care Beds in Use by Non-COVID Patients","944","0.553016988869362","0.553016988869362",""
"ICU Beds - Bar","2020-08-17","2020-08-16","Adult Intensive Care Beds in Use by Non-COVID Patients","935","0.546783625730994","0.546783625730994",""
"ICU Beds - Bar","2020-08-16","2020-08-15","Adult Intensive Care Beds in Use by Non-COVID Patients","926","0.544385655496767","0.544385655496767",""
"ICU Beds - Bar","2020-08-15","2020-08-14","Adult Intensive Care Beds in Use by Non-COVID Patients","951","0.556791569086651","0.556791569086651",""
"ICU Beds - Bar","2020-08-14","2020-08-13","Adult Intensive Care Beds in Use by Non-COVID Patients","889","0.522633744855967","0.522633744855967",""
"ICU Beds - Bar","2020-08-13","2020-08-12","Adult Intensive Care Beds in Use by Non-COVID Patients","894","0.524647887323944","0.524647887323944",""
"ICU Beds - Bar","2020-08-12","2020-08-11","Adult Intensive Care Beds in Use by Non-COVID Patients","876","0.51138353765324","0.51138353765324",""
"ICU Beds - Bar","2020-08-11","2020-08-10","Adult Intensive Care Beds in Use by Non-COVID Patients","859","0.496818970503181","0.496818970503181",""
"ICU Beds - Bar","2020-08-10","2020-08-09","Adult Intensive Care Beds in Use by Non-COVID Patients","857","0.495949074074074","0.495949074074074",""
"ICU Beds - Bar","2020-08-09","2020-08-08","Adult Intensive Care Beds in Use by Non-COVID Patients","902","0.521387283236994","0.521387283236994",""
"ICU Beds - Bar","2020-08-08","2020-08-07","Adult Intensive Care Beds in Use by Non-COVID Patients","926","0.53556969346443","0.53556969346443",""
"ICU Beds - Bar","2020-08-07","2020-08-06","Adult Intensive Care Beds in Use by Non-COVID Patients","908","0.52183908045977","0.52183908045977",""
"ICU Beds - Bar","2020-08-06","2020-08-05","Adult Intensive Care Beds in Use by Non-COVID Patients","898","0.516983304548071","0.516983304548071",""
"ICU Beds - Bar","2020-08-05","2020-08-04","Adult Intensive Care Beds in Use by Non-COVID Patients","849","0.48821161587119","0.48821161587119",""
"ICU Beds - Bar","2020-08-04","2020-08-03","Adult Intensive Care Beds in Use by Non-COVID Patients","823","0.470823798627002","0.470823798627002",""
"ICU Beds - Bar","2020-08-03","2020-08-02","Adult Intensive Care Beds in Use by Non-COVID Patients","805","0.461053837342497","0.461053837342497",""
"ICU Beds - Bar","2020-08-02","2020-08-01","Adult Intensive Care Beds in Use by Non-COVID Patients","822","0.47187141216992","0.47187141216992",""
"ICU Beds - Bar","2020-08-01","2020-07-31","Adult Intensive Care Beds in Use by Non-COVID Patients","795","0.45821325648415","0.45821325648415",""
"ICU Beds - Bar","2020-07-31","2020-07-30","Adult Intensive Care Beds in Use by Non-COVID Patients","766","0.442518775274408","0.442518775274408",""
"ICU Beds - Bar","2020-07-30","2020-07-29","Adult Intensive Care Beds in Use by Non-COVID Patients","761","0.44090382387022","0.44090382387022",""
"ICU Beds - Bar","2020-07-29","2020-07-28","Adult Intensive Care Beds in Use by Non-COVID Patients","720","0.417149478563152","0.417149478563152",""
"ICU Beds - Bar","2020-07-28","2020-07-27","Adult Intensive Care Beds in Use by Non-COVID Patients","651","0.379813302217036","0.379813302217036",""
"ICU Beds - Bar","2020-07-27","2020-07-26","Adult Intensive Care Beds in Use by Non-COVID Patients","619","0.363049853372434","0.363049853372434",""
"ICU Beds - Bar","2020-07-26","2020-07-25","Adult Intensive Care Beds in Use by Non-COVID Patients","645","0.378299120234604","0.378299120234604",""
"ICU Beds - Bar","2020-07-25","2020-07-24","Adult Intensive Care Beds in Use by Non-COVID Patients","635","0.37221570926143","0.37221570926143",""
"ICU Beds - Bar","2020-07-24","2020-07-23","Adult Intensive Care Beds in Use by Non-COVID Patients","614","0.361389052383755","0.361389052383755",""
"ICU Beds - Bar","2020-07-23","2020-07-22","Adult Intensive Care Beds in Use by Non-COVID Patients","605","0.357776463630988","0.357776463630988",""
"ICU Beds - Bar","2020-07-22","2020-07-21","Adult Intensive Care Beds in Use by Non-COVID Patients","620","0.365781710914454","0.365781710914454",""
"ICU Beds - Bar","2020-07-21","2020-07-20","Adult Intensive Care Beds in Use by Non-COVID Patients","595","0.351032448377581","0.351032448377581",""
"ICU Beds - Bar","2020-07-20","2020-07-19","Adult Intensive Care Beds in Use by Non-COVID Patients","583","0.342941176470588","0.342941176470588",""
"ICU Beds - Bar","2020-07-19","2020-07-18","Adult Intensive Care Beds in Use by Non-COVID Patients","594","0.350856467808624","0.350856467808624",""
"ICU Beds - Bar","2020-07-18","2020-07-17","Adult Intensive Care Beds in Use by Non-COVID Patients","593","0.350680070963927","0.350680070963927",""
"ICU Beds - Bar","2020-07-17","2020-07-16","Adult Intensive Care Beds in Use by Non-COVID Patients","612","0.361061946902655","0.361061946902655",""
"ICU Beds - Bar","2020-07-16","2020-07-15","Adult Intensive Care Beds in Use by Non-COVID Patients","572","0.337861783815712","0.337861783815712",""
"ICU Beds - Bar","2020-07-15","2020-07-14","Adult Intensive Care Beds in Use by Non-COVID Patients","581","0.344602609727165","0.344602609727165",""
"ICU Beds - Bar","2020-07-14","2020-07-13","Adult Intensive Care Beds in Use by Non-COVID Patients","594","0.350442477876106","0.350442477876106",""
"ICU Beds - Bar","2020-07-13","2020-07-12","Adult Intensive Care Beds in Use by Non-COVID Patients","528","0.311504424778761","0.311504424778761",""
"ICU Beds - Bar","2020-07-12","2020-07-11","Adult Intensive Care Beds in Use by Non-COVID Patients","563","0.336320191158901","0.336320191158901",""
"ICU Beds - Bar","2020-07-11","2020-07-10","Adult Intensive Care Beds in Use by Non-COVID Patients","589","0.348727057430432","0.348727057430432",""
"ICU Beds - Bar","2020-07-10","2020-07-09","Adult Intensive Care Beds in Use by Non-COVID Patients","657","0.379768786127168","0.379768786127168",""
"ICU Beds - Bar","2020-07-09","2020-07-08","Adult Intensive Care Beds in Use by Non-COVID Patients","614","0.366129994036971","0.366129994036971",""
"ICU Beds - Bar","2020-07-08","2020-07-07","Adult Intensive Care Beds in Use by Non-COVID Patients","636","0.379022646007151","0.379022646007151",""
"ICU Beds - Bar","2020-07-07","2020-07-06","Adult Intensive Care Beds in Use by Non-COVID Patients","666","0.395957193816885","0.395957193816885",""
"ICU Beds - Bar","2020-07-06","2020-07-05","Adult Intensive Care Beds in Use by Non-COVID Patients","612","0.371359223300971","0.371359223300971",""
"ICU Beds - Bar","2020-07-05","2020-07-04","Adult Intensive Care Beds in Use by Non-COVID Patients","611","0.373015873015873","0.373015873015873",""
"ICU Beds - Bar","2020-07-04","2020-07-03","Adult Intensive Care Beds in Use by Non-COVID Patients","643","0.391595615103532","0.391595615103532",""
"ICU Beds - Bar","2020-07-03","2020-07-02","Adult Intensive Care Beds in Use by Non-COVID Patients","677","0.411800486618005","0.411800486618005",""
"ICU Beds - Bar","2020-07-02","2020-07-01","Adult Intensive Care Beds in Use by Non-COVID Patients","779","0.464797136038186","0.464797136038186",""
"ICU Beds - Bar","2020-07-01","2020-06-30","Adult Intensive Care Beds in Use by Non-COVID Patients","760","0.454545454545455","0.454545454545455",""
"ICU Beds - Bar","2020-06-30","2020-06-29","Adult Intensive Care Beds in Use by Non-COVID Patients","820","0.487514863258026","0.487514863258026",""
"ICU Beds - Bar","2020-06-29","2020-06-28","Adult Intensive Care Beds in Use by Non-COVID Patients","752","0.45328511151296","0.45328511151296",""
"ICU Beds - Bar","2020-06-28","2020-06-27","Adult Intensive Care Beds in Use by Non-COVID Patients","820","0.47953216374269","0.47953216374269",""
"ICU Beds - Bar","2020-06-27","2020-06-26","Adult Intensive Care Beds in Use by Non-COVID Patients","815","0.479693937610359","0.479693937610359",""
"ICU Beds - Bar","2020-06-26","2020-06-25","Adult Intensive Care Beds in Use by Non-COVID Patients","802","0.477096966091612","0.477096966091612",""
"ICU Beds - Bar","2020-06-25","2020-06-24","Adult Intensive Care Beds in Use by Non-COVID Patients","855","0.506216696269982","0.506216696269982",""
"ICU Beds - Bar","2020-06-24","2020-06-23","Adult Intensive Care Beds in Use by Non-COVID Patients","884","0.522150029533373","0.522150029533373",""
"ICU Beds - Bar","2020-06-23","2020-06-22","Adult Intensive Care Beds in Use by Non-COVID Patients","891","0.532894736842105","0.532894736842105",""
"ICU Beds - Bar","2020-06-22","2020-06-21","Adult Intensive Care Beds in Use by Non-COVID Patients","798","0.475566150178784","0.475566150178784",""
"ICU Beds - Bar","2020-06-21","2020-06-20","Adult Intensive Care Beds in Use by Non-COVID Patients","810","0.487364620938628","0.487364620938628",""
"ICU Beds - Bar","2020-06-20","2020-06-19","Adult Intensive Care Beds in Use by Non-COVID Patients","862","0.518028846153846","0.518028846153846",""
"ICU Beds - Bar","2020-06-19","2020-06-18","Adult Intensive Care Beds in Use by Non-COVID Patients","859","0.516847172081829","0.516847172081829",""
"ICU Beds - Bar","2020-06-18","2020-06-17","Adult Intensive Care Beds in Use by Non-COVID Patients","877","0.527043269230769","0.527043269230769",""
"ICU Beds - Bar","2020-06-17","2020-06-16","Adult Intensive Care Beds in Use by Non-COVID Patients","867","0.520408163265306","0.520408163265306",""
"ICU Beds - Bar","2020-06-16","2020-06-15","Adult Intensive Care Beds in Use by Non-COVID Patients","854","0.514148103552077","0.514148103552077",""
"ICU Beds - Bar","2020-06-15","2020-06-14","Adult Intensive Care Beds in Use by Non-COVID Patients","805","0.490554539914686","0.490554539914686",""
"ICU Beds - Bar","2020-06-14","2020-06-13","Adult Intensive Care Beds in Use by Non-COVID Patients","883","0.539072039072039","0.539072039072039",""
"ICU Beds - Bar","2020-06-13","2020-06-12","Adult Intensive Care Beds in Use by Non-COVID Patients","861","0.51961375980688","0.51961375980688",""
"ICU Beds - Bar","2020-06-12","2020-06-11","Adult Intensive Care Beds in Use by Non-COVID Patients","870","0.522836538461538","0.522836538461538",""
"ICU Beds - Bar","2020-06-11","2020-06-10","Adult Intensive Care Beds in Use by Non-COVID Patients","899","0.53993993993994","0.53993993993994",""
"ICU Beds - Bar","2020-06-10","2020-06-09","Adult Intensive Care Beds in Use by Non-COVID Patients","856","0.516284680337756","0.516284680337756",""
"ICU Beds - Bar","2020-06-09","2020-06-08","Adult Intensive Care Beds in Use by Non-COVID Patients","889","0.536511768255884","0.536511768255884",""
"ICU Beds - Bar","2020-06-08","2020-06-07","Adult Intensive Care Beds in Use by Non-COVID Patients","820","0.494571773220748","0.494571773220748",""
"ICU Beds - Bar","2020-06-07","2020-06-06","Adult Intensive Care Beds in Use by Non-COVID Patients","802","0.515755627009646","0.515755627009646",""
"ICU Beds - Bar","2020-06-06","2020-06-05","Adult Intensive Care Beds in Use by Non-COVID Patients","811","0.517549457562221","0.517549457562221",""
"ICU Beds - Bar","2020-06-05","2020-06-04","Adult Intensive Care Beds in Use by Non-COVID Patients","807","0.514996809189534","0.514996809189534",""
"ICU Beds - Bar","2020-06-04","2020-06-03","Adult Intensive Care Beds in Use by Non-COVID Patients","821","0.52359693877551","0.52359693877551",""
"ICU Beds - Bar","2020-06-03","2020-06-02","Adult Intensive Care Beds in Use by Non-COVID Patients","927","0.553102625298329","0.553102625298329",""
"ICU Beds - Bar","2020-06-02","2020-06-01","Adult Intensive Care Beds in Use by Non-COVID Patients","900","0.537634408602151","0.537634408602151",""
"ICU Beds - Bar","2020-06-01","2020-05-31","Adult Intensive Care Beds in Use by Non-COVID Patients","873","0.522129186602871","0.522129186602871",""
"ICU Beds - Bar","2020-05-31","2020-05-30","Adult Intensive Care Beds in Use by Non-COVID Patients","887","0.530502392344498","0.530502392344498",""
"ICU Beds - Bar","2020-05-30","2020-05-29","Adult Intensive Care Beds in Use by Non-COVID Patients","903","0.542668269230769","0.542668269230769",""
"ICU Beds - Bar","2020-05-29","2020-05-28","Adult Intensive Care Beds in Use by Non-COVID Patients","874","0.524924924924925","0.524924924924925",""
"ICU Beds - Bar","2020-05-28","2020-05-27","Adult Intensive Care Beds in Use by Non-COVID Patients","884","0.528392109982068","0.528392109982068",""
"ICU Beds - Bar","2020-05-27","2020-05-26","Adult Intensive Care Beds in Use by Non-COVID Patients","870","0.523465703971119","0.523465703971119",""
"ICU Beds - Bar","2020-05-26","2020-05-25","Adult Intensive Care Beds in Use by Non-COVID Patients","880","0.529801324503311","0.529801324503311",""
"ICU Beds - Bar","2020-05-25","2020-05-24","Adult Intensive Care Beds in Use by Non-COVID Patients","898","0.540312876052948","0.540312876052948",""
"ICU Beds - Bar","2020-05-24","2020-05-23","Adult Intensive Care Beds in Use by Non-COVID Patients","925","0.555555555555556","0.555555555555556",""
"ICU Beds - Bar","2020-05-23","2020-05-22","Adult Intensive Care Beds in Use by Non-COVID Patients","975","0.589480048367594","0.589480048367594",""
"ICU Beds - Bar","2020-05-22","2020-05-21","Adult Intensive Care Beds in Use by Non-COVID Patients","987","0.594578313253012","0.594578313253012",""
"ICU Beds - Bar","2020-05-21","2020-05-20","Adult Intensive Care Beds in Use by Non-COVID Patients","954","0.577481840193705","0.577481840193705",""
"ICU Beds - Bar","2020-05-20","2020-05-19","Adult Intensive Care Beds in Use by Non-COVID Patients","958","0.578851963746224","0.578851963746224",""
"ICU Beds - Bar","2020-05-19","2020-05-18","Adult Intensive Care Beds in Use by Non-COVID Patients","936","0.562838244137102","0.562838244137102",""
"ICU Beds - Bar","2020-05-18","2020-05-17","Adult Intensive Care Beds in Use by Non-COVID Patients","903","0.542994588093806","0.542994588093806",""
"ICU Beds - Bar","2020-05-17","2020-05-16","Adult Intensive Care Beds in Use by Non-COVID Patients","861","0.518987341772152","0.518987341772152",""
"ICU Beds - Bar","2020-05-16","2020-05-15","Adult Intensive Care Beds in Use by Non-COVID Patients","879","0.526347305389222","0.526347305389222",""
"ICU Beds - Bar","2020-05-15","2020-05-14","Adult Intensive Care Beds in Use by Non-COVID Patients","860","0.515278609946076","0.515278609946076",""
"ICU Beds - Bar","2020-05-14","2020-05-13","Adult Intensive Care Beds in Use by Non-COVID Patients","877","0.534756097560976","0.534756097560976",""
"ICU Beds - Bar","2020-05-13","2020-05-12","Adult Intensive Care Beds in Use by Non-COVID Patients","875","0.53030303030303","0.53030303030303",""
"ICU Beds - Bar","2020-05-12","2020-05-11","Adult Intensive Care Beds in Use by Non-COVID Patients","870","0.529197080291971","0.529197080291971",""
"ICU Beds - Bar","2020-05-11","2020-05-10","Adult Intensive Care Beds in Use by Non-COVID Patients","799","0.485419198055893","0.485419198055893",""
"ICU Beds - Bar","2020-05-10","2020-05-09","Adult Intensive Care Beds in Use by Non-COVID Patients","888","0.539817629179331","0.539817629179331",""
"ICU Beds - Bar","2020-05-09","2020-05-08","Adult Intensive Care Beds in Use by Non-COVID Patients","860","0.522161505768063","0.522161505768063",""
"ICU Beds - Bar","2020-05-08","2020-05-07","Adult Intensive Care Beds in Use by Non-COVID Patients","863","0.523665048543689","0.523665048543689",""
"ICU Beds - Bar","2020-05-07","2020-05-06","Adult Intensive Care Beds in Use by Non-COVID Patients","865","0.524878640776699","0.524878640776699",""
"ICU Beds - Bar","2020-05-06","2020-05-05","Adult Intensive Care Beds in Use by Non-COVID Patients","838","0.508803885853066","0.508803885853066",""
"ICU Beds - Bar","2020-05-05","2020-05-04","Adult Intensive Care Beds in Use by Non-COVID Patients","824","0.499091459721381","0.499091459721381",""
"ICU Beds - Bar","2020-05-04","2020-05-03","Adult Intensive Care Beds in Use by Non-COVID Patients","780","0.472727272727273","0.472727272727273",""
"ICU Beds - Bar","2020-05-03","2020-05-02","Adult Intensive Care Beds in Use by Non-COVID Patients","816","0.495145631067961","0.495145631067961",""
"ICU Beds - Bar","2020-05-02","2020-05-01","Adult Intensive Care Beds in Use by Non-COVID Patients","813","0.493624772313297","0.493624772313297",""
"ICU Beds - Bar","2020-05-01","2020-04-30","Adult Intensive Care Beds in Use by Non-COVID Patients","804","0.489945155393053","0.489945155393053",""
"ICU Beds - Bar","2020-04-30","2020-04-29","Adult Intensive Care Beds in Use by Non-COVID Patients","797","0.48186215235792","0.48186215235792",""
"ICU Beds - Bar","2020-04-29","2020-04-28","Adult Intensive Care Beds in Use by Non-COVID Patients","835","0.507290400972054","0.507290400972054",""
"ICU Beds - Bar","2020-04-28","2020-04-27","Adult Intensive Care Beds in Use by Non-COVID Patients","772","0.468731026108075","0.468731026108075",""
"ICU Beds - Bar","2020-04-27","2020-04-26","Adult Intensive Care Beds in Use by Non-COVID Patients","790","0.472770795930581","0.472770795930581",""
"ICU Beds - Bar","2020-04-26","2020-04-25","Adult Intensive Care Beds in Use by Non-COVID Patients","815","0.490373044524669","0.490373044524669",""
"ICU Beds - Bar","2020-04-25","2020-04-24","Adult Intensive Care Beds in Use by Non-COVID Patients","833","0.501505117399157","0.501505117399157",""
"ICU Beds - Bar","2020-04-24","2020-04-23","Adult Intensive Care Beds in Use by Non-COVID Patients","838","0.505428226779252","0.505428226779252",""
"ICU Beds - Bar","2020-04-23","2020-04-22","Adult Intensive Care Beds in Use by Non-COVID Patients","780","0.474452554744526","0.474452554744526",""
"ICU Beds - Bar","2020-04-22","2020-04-21","Adult Intensive Care Beds in Use by Non-COVID Patients","892","0.536702767749699","0.536702767749699",""
"ICU Beds - Bar","2020-04-21","2020-04-20","Adult Intensive Care Beds in Use by Non-COVID Patients","859","0.514988009592326","0.514988009592326",""
"ICU Beds - Bar","2020-04-20","2020-04-19","Adult Intensive Care Beds in Use by Non-COVID Patients","795","0.48152634766808","0.48152634766808",""
"ICU Beds - Bar","2020-04-19","2020-04-18","Adult Intensive Care Beds in Use by Non-COVID Patients","767","0.465695203400121","0.465695203400121",""
"ICU Beds - Bar","2020-04-18","2020-04-17","Adult Intensive Care Beds in Use by Non-COVID Patients","819","0.497267759562842","0.497267759562842",""
"ICU Beds - Bar","2020-04-17","2020-04-16","Adult Intensive Care Beds in Use by Non-COVID Patients","746","0.452944748026715","0.452944748026715",""
"ICU Beds - Bar","2020-04-16","2020-04-15","Adult Intensive Care Beds in Use by Non-COVID Patients","710","0.43161094224924","0.43161094224924",""
"ICU Beds - Bar","2020-04-15","2020-04-14","Adult Intensive Care Beds in Use by Non-COVID Patients","754","0.466295609152752","0.466295609152752",""
"ICU Beds - Bar","2020-04-14","2020-04-13","Adult Intensive Care Beds in Use by Non-COVID Patients","714","0.443753884400249","0.443753884400249",""
"ICU Beds - Bar","2020-04-13","2020-04-12","Adult Intensive Care Beds in Use by Non-COVID Patients","757","0.476700251889169","0.476700251889169",""
"ICU Beds - Bar","2020-04-12","2020-04-11","Adult Intensive Care Beds in Use by Non-COVID Patients","742","0.472310630171865","0.472310630171865",""
"ICU Beds - Bar","2020-04-11","2020-04-10","Adult Intensive Care Beds in Use by Non-COVID Patients","754","0.47661188369153","0.47661188369153",""
"ICU Beds - Bar","2020-04-10","2020-04-09","Adult Intensive Care Beds in Use by Non-COVID Patients","761","0.479823455233291","0.479823455233291",""
"ICU Beds - Bar","2020-04-09","2020-04-08","Adult Intensive Care Beds in Use by Non-COVID Patients","711","0.454022988505747","0.454022988505747",""
"ICU Beds - Bar","2020-04-08","2020-04-07","Adult Intensive Care Beds in Use by Non-COVID Patients","837","0.533460803059274","0.533460803059274",""
"ICU Beds - Bar","2020-04-07","2020-04-06","Adult Intensive Care Beds in Use by Non-COVID Patients","978","0.620164870006341","0.620164870006341",""
"ICU Beds - Bar","2020-04-06","2020-04-05","Adult Intensive Care Beds in Use by Non-COVID Patients","1034","0.653190145293746","0.653190145293746",""
"ICU Beds - Bar","2020-04-05","2020-04-04","Adult Intensive Care Beds in Use by Non-COVID Patients","1012","0.642539682539683","0.642539682539683",""
"ICU Beds - Bar","2020-04-04","2020-04-03","Adult Intensive Care Beds in Use by Non-COVID Patients","1033","0.657542966263526","0.657542966263526",""
"ICU Beds - Bar","2020-04-03","2020-04-02","Adult Intensive Care Beds in Use by Non-COVID Patients","1048","0.66624284806103","0.66624284806103",""
"ICU Beds - Bar","2020-04-02","2020-04-01","Adult Intensive Care Beds in Use by Non-COVID Patients","1037","0.667310167310167","0.667310167310167",""
"ICU Beds - Bar","2020-04-01","2020-03-31","Adult Intensive Care Beds in Use by Non-COVID Patients","1066","0.681585677749361","0.681585677749361",""
"ICU Beds - Bar","2020-03-31","2020-03-30","Adult Intensive Care Beds in Use by Non-COVID Patients","1096","0.701215611004479","0.701215611004479",""
"ICU Beds - Bar","2020-03-30","2020-03-29","Adult Intensive Care Beds in Use by Non-COVID Patients","1065","0.690661478599222","0.690661478599222",""
"ICU Beds - Bar","2020-03-29","2020-03-28","Adult Intensive Care Beds in Use by Non-COVID Patients","969","0.653405259608901","0.653405259608901",""
"ICU Beds - Bar","2020-03-28","2020-03-27","Adult Intensive Care Beds in Use by Non-COVID Patients","1003","0.679079214624238","0.679079214624238",""
"ICU Beds - Bar","2020-03-27","2020-03-26","Adult Intensive Care Beds in Use by Non-COVID Patients","989","0.682068965517241","0.682068965517241",""
"ICU Beds - Bar","2020-03-26","","Adult Intensive Care Beds in Use by Non-COVID Patients","741","0.618015012510425","0.618015012510425",""
"ICU Beds - Bar","2020-09-11","2020-09-10","Adult Intensive Care Unit Beds Available
","367","0.220685508117859","0.220685508117859",""
"ICU Beds - Bar","2020-09-10","2020-09-09","Adult Intensive Care Unit Beds Available
","367","0.220155968806239","0.220155968806239",""
"ICU Beds - Bar","2020-09-09","2020-09-08","Adult Intensive Care Unit Beds Available
","366","0.219424460431655","0.219424460431655",""
"ICU Beds - Bar","2020-09-08","2020-09-07","Adult Intensive Care Unit Beds Available
","408","0.244897959183673","0.244897959183673",""
"ICU Beds - Bar","2020-09-07","2020-09-06","Adult Intensive Care Unit Beds Available
","404","0.242061114439784","0.242061114439784",""
"ICU Beds - Bar","2020-09-06","2020-09-05","Adult Intensive Care Unit Beds Available
","374","0.224220623501199","0.224220623501199",""
"ICU Beds - Bar","2020-09-05","2020-09-04","Adult Intensive Care Unit Beds Available
","369","0.220958083832335","0.220958083832335",""
"ICU Beds - Bar","2020-09-04","2020-09-03","Adult Intensive Care Unit Beds Available
","352","0.210778443113773","0.210778443113773",""
"ICU Beds - Bar","2020-09-03","2020-09-02","Adult Intensive Care Unit Beds Available
","338","0.202637889688249","0.202637889688249",""
"ICU Beds - Bar","2020-09-02","2020-09-01","Adult Intensive Care Unit Beds Available
","339","0.203237410071942","0.203237410071942",""
"ICU Beds - Bar","2020-09-01","2020-08-31","Adult Intensive Care Unit Beds Available
","353","0.212139423076923","0.212139423076923",""
"ICU Beds - Bar","2020-08-31","2020-08-30","Adult Intensive Care Unit Beds Available
","376","0.225825825825826","0.225825825825826",""
"ICU Beds - Bar","2020-08-30","2020-08-29","Adult Intensive Care Unit Beds Available
","377","0.22710843373494","0.22710843373494",""
"ICU Beds - Bar","2020-08-29","2020-08-28","Adult Intensive Care Unit Beds Available
","349","0.208982035928144","0.208982035928144",""
"ICU Beds - Bar","2020-08-28","2020-08-27","Adult Intensive Care Unit Beds Available
","351","0.210431654676259","0.210431654676259",""
"ICU Beds - Bar","2020-08-27","2020-08-26","Adult Intensive Care Unit Beds Available
","354","0.209219858156028","0.209219858156028",""
"ICU Beds - Bar","2020-08-26","2020-08-25","Adult Intensive Care Unit Beds Available
","337","0.199290360733294","0.199290360733294",""
"ICU Beds - Bar","2020-08-25","2020-08-24","Adult Intensive Care Unit Beds Available
","355","0.210308056872038","0.210308056872038",""
"ICU Beds - Bar","2020-08-24","2020-08-23","Adult Intensive Care Unit Beds Available
","389","0.231823599523242","0.231823599523242",""
"ICU Beds - Bar","2020-08-23","2020-08-22","Adult Intensive Care Unit Beds Available
","361","0.215265354800239","0.215265354800239",""
"ICU Beds - Bar","2020-08-22","2020-08-21","Adult Intensive Care Unit Beds Available
","360","0.214413341274568","0.214413341274568",""
"ICU Beds - Bar","2020-08-21","2020-08-20","Adult Intensive Care Unit Beds Available
","363","0.215814506539834","0.215814506539834",""
"ICU Beds - Bar","2020-08-20","2020-08-19","Adult Intensive Care Unit Beds Available
","371","0.219917012448133","0.219917012448133",""
"ICU Beds - Bar","2020-08-19","2020-08-18","Adult Intensive Care Unit Beds Available
","366","0.216824644549763","0.216824644549763",""
"ICU Beds - Bar","2020-08-18","2020-08-17","Adult Intensive Care Unit Beds Available
","349","0.204452255418863","0.204452255418863",""
"ICU Beds - Bar","2020-08-17","2020-08-16","Adult Intensive Care Unit Beds Available
","348","0.203508771929825","0.203508771929825",""
"ICU Beds - Bar","2020-08-16","2020-08-15","Adult Intensive Care Unit Beds Available
","345","0.202821869488536","0.202821869488536",""
"ICU Beds - Bar","2020-08-15","2020-08-14","Adult Intensive Care Unit Beds Available
","340","0.199063231850117","0.199063231850117",""
"ICU Beds - Bar","2020-08-14","2020-08-13","Adult Intensive Care Unit Beds Available
","370","0.217519106407995","0.217519106407995",""
"ICU Beds - Bar","2020-08-13","2020-08-12","Adult Intensive Care Unit Beds Available
","337","0.197769953051643","0.197769953051643",""
"ICU Beds - Bar","2020-08-12","2020-08-11","Adult Intensive Care Unit Beds Available
","340","0.198482194979568","0.198482194979568",""
"ICU Beds - Bar","2020-08-11","2020-08-10","Adult Intensive Care Unit Beds Available
","351","0.203007518796992","0.203007518796992",""
"ICU Beds - Bar","2020-08-10","2020-08-09","Adult Intensive Care Unit Beds Available
","361","0.208912037037037","0.208912037037037",""
"ICU Beds - Bar","2020-08-09","2020-08-08","Adult Intensive Care Unit Beds Available
","322","0.186127167630058","0.186127167630058",""
"ICU Beds - Bar","2020-08-08","2020-08-07","Adult Intensive Care Unit Beds Available
","289","0.167148640832851","0.167148640832851",""
"ICU Beds - Bar","2020-08-07","2020-08-06","Adult Intensive Care Unit Beds Available
","293","0.168390804597701","0.168390804597701",""
"ICU Beds - Bar","2020-08-06","2020-08-05","Adult Intensive Care Unit Beds Available
","274","0.157743235463443","0.157743235463443",""
"ICU Beds - Bar","2020-08-05","2020-08-04","Adult Intensive Care Unit Beds Available
","297","0.170787809085681","0.170787809085681",""
"ICU Beds - Bar","2020-08-04","2020-08-03","Adult Intensive Care Unit Beds Available
","307","0.175629290617849","0.175629290617849",""
"ICU Beds - Bar","2020-08-03","2020-08-02","Adult Intensive Care Unit Beds Available
","303","0.173539518900344","0.173539518900344",""
"ICU Beds - Bar","2020-08-02","2020-08-01","Adult Intensive Care Unit Beds Available
","292","0.167623421354765","0.167623421354765",""
"ICU Beds - Bar","2020-08-01","2020-07-31","Adult Intensive Care Unit Beds Available
","255","0.146974063400576","0.146974063400576",""
"ICU Beds - Bar","2020-07-31","2020-07-30","Adult Intensive Care Unit Beds Available
","255","0.147313691507799","0.147313691507799",""
"ICU Beds - Bar","2020-07-30","2020-07-29","Adult Intensive Care Unit Beds Available
","246","0.14252607184241","0.14252607184241",""
"ICU Beds - Bar","2020-07-29","2020-07-28","Adult Intensive Care Unit Beds Available
","248","0.143684820393975","0.143684820393975",""
"ICU Beds - Bar","2020-07-28","2020-07-27","Adult Intensive Care Unit Beds Available
","263","0.153442240373396","0.153442240373396",""
"ICU Beds - Bar","2020-07-27","2020-07-26","Adult Intensive Care Unit Beds Available
","272","0.159530791788856","0.159530791788856",""
"ICU Beds - Bar","2020-07-26","2020-07-25","Adult Intensive Care Unit Beds Available
","240","0.140762463343108","0.140762463343108",""
"ICU Beds - Bar","2020-07-25","2020-07-24","Adult Intensive Care Unit Beds Available
","234","0.137162954279015","0.137162954279015",""
"ICU Beds - Bar","2020-07-24","2020-07-23","Adult Intensive Care Unit Beds Available
","243","0.143025309005297","0.143025309005297",""
"ICU Beds - Bar","2020-07-23","2020-07-22","Adult Intensive Care Unit Beds Available
","249","0.147250147841514","0.147250147841514",""
"ICU Beds - Bar","2020-07-22","2020-07-21","Adult Intensive Care Unit Beds Available
","224","0.132153392330384","0.132153392330384",""
"ICU Beds - Bar","2020-07-21","2020-07-20","Adult Intensive Care Unit Beds Available
","230","0.135693215339233","0.135693215339233",""
"ICU Beds - Bar","2020-07-20","2020-07-19","Adult Intensive Care Unit Beds Available
","252","0.148235294117647","0.148235294117647",""
"ICU Beds - Bar","2020-07-19","2020-07-18","Adult Intensive Care Unit Beds Available
","213","0.125812167749557","0.125812167749557",""
"ICU Beds - Bar","2020-07-18","2020-07-17","Adult Intensive Care Unit Beds Available
","204","0.120638675340036","0.120638675340036",""
"ICU Beds - Bar","2020-07-17","2020-07-16","Adult Intensive Care Unit Beds Available
","189","0.111504424778761","0.111504424778761",""
"ICU Beds - Bar","2020-07-16","2020-07-15","Adult Intensive Care Unit Beds Available
","177","0.104548139397519","0.104548139397519",""
"ICU Beds - Bar","2020-07-15","2020-07-14","Adult Intensive Care Unit Beds Available
","187","0.110913404507711","0.110913404507711",""
"ICU Beds - Bar","2020-07-14","2020-07-13","Adult Intensive Care Unit Beds Available
","172","0.101474926253687","0.101474926253687",""
"ICU Beds - Bar","2020-07-13","2020-07-12","Adult Intensive Care Unit Beds Available
","197","0.11622418879056","0.11622418879056",""
"ICU Beds - Bar","2020-07-12","2020-07-11","Adult Intensive Care Unit Beds Available
","175","0.104540023894863","0.104540023894863",""
"ICU Beds - Bar","2020-07-11","2020-07-10","Adult Intensive Care Unit Beds Available
","178","0.105387803433985","0.105387803433985",""
"ICU Beds - Bar","2020-07-10","2020-07-09","Adult Intensive Care Unit Beds Available
","174","0.100578034682081","0.100578034682081",""
"ICU Beds - Bar","2020-07-09","2020-07-08","Adult Intensive Care Unit Beds Available
","187","0.111508646392367","0.111508646392367",""
"ICU Beds - Bar","2020-07-08","2020-07-07","Adult Intensive Care Unit Beds Available
","181","0.107866507747318","0.107866507747318",""
"ICU Beds - Bar","2020-07-07","2020-07-06","Adult Intensive Care Unit Beds Available
","145","0.0862068965517241","0.0862068965517241",""
"ICU Beds - Bar","2020-07-06","2020-07-05","Adult Intensive Care Unit Beds Available
","167","0.101334951456311","0.101334951456311",""
"ICU Beds - Bar","2020-07-05","2020-07-04","Adult Intensive Care Unit Beds Available
","188","0.114774114774115","0.114774114774115",""
"ICU Beds - Bar","2020-07-04","2020-07-03","Adult Intensive Care Unit Beds Available
","178","0.108404384896468","0.108404384896468",""
"ICU Beds - Bar","2020-07-03","2020-07-02","Adult Intensive Care Unit Beds Available
","171","0.104014598540146","0.104014598540146",""
"ICU Beds - Bar","2020-07-02","2020-07-01","Adult Intensive Care Unit Beds Available
","156","0.0930787589498807","0.0930787589498807",""
"ICU Beds - Bar","2020-07-01","2020-06-30","Adult Intensive Care Unit Beds Available
","189","0.113038277511962","0.113038277511962",""
"ICU Beds - Bar","2020-06-30","2020-06-29","Adult Intensive Care Unit Beds Available
","187","0.111177170035672","0.111177170035672",""
"ICU Beds - Bar","2020-06-29","2020-06-28","Adult Intensive Care Unit Beds Available
","224","0.135021097046413","0.135021097046413",""
"ICU Beds - Bar","2020-06-28","2020-06-27","Adult Intensive Care Unit Beds Available
","211","0.123391812865497","0.123391812865497",""
"ICU Beds - Bar","2020-06-27","2020-06-26","Adult Intensive Care Unit Beds Available
","218","0.128310771041789","0.128310771041789",""
"ICU Beds - Bar","2020-06-26","2020-06-25","Adult Intensive Care Unit Beds Available
","222","0.132064247471743","0.132064247471743",""
"ICU Beds - Bar","2020-06-25","2020-06-24","Adult Intensive Care Unit Beds Available
","209","0.123741859088218","0.123741859088218",""
"ICU Beds - Bar","2020-06-24","2020-06-23","Adult Intensive Care Unit Beds Available
","198","0.116952155936208","0.116952155936208",""
"ICU Beds - Bar","2020-06-23","2020-06-22","Adult Intensive Care Unit Beds Available
","200","0.119617224880383","0.119617224880383",""
"ICU Beds - Bar","2020-06-22","2020-06-21","Adult Intensive Care Unit Beds Available
","266","0.158522050059595","0.158522050059595",""
"ICU Beds - Bar","2020-06-21","2020-06-20","Adult Intensive Care Unit Beds Available
","269","0.161853188929001","0.161853188929001",""
"ICU Beds - Bar","2020-06-20","2020-06-19","Adult Intensive Care Unit Beds Available
","246","0.147836538461538","0.147836538461538",""
"ICU Beds - Bar","2020-06-19","2020-06-18","Adult Intensive Care Unit Beds Available
","257","0.154632972322503","0.154632972322503",""
"ICU Beds - Bar","2020-06-18","2020-06-17","Adult Intensive Care Unit Beds Available
","268","0.161057692307692","0.161057692307692",""
"ICU Beds - Bar","2020-06-17","2020-06-16","Adult Intensive Care Unit Beds Available
","259","0.15546218487395","0.15546218487395",""
"ICU Beds - Bar","2020-06-16","2020-06-15","Adult Intensive Care Unit Beds Available
","276","0.166164960866948","0.166164960866948",""
"ICU Beds - Bar","2020-06-15","2020-06-14","Adult Intensive Care Unit Beds Available
","334","0.203534430225472","0.203534430225472",""
"ICU Beds - Bar","2020-06-14","2020-06-13","Adult Intensive Care Unit Beds Available
","291","0.177655677655678","0.177655677655678",""
"ICU Beds - Bar","2020-06-13","2020-06-12","Adult Intensive Care Unit Beds Available
","344","0.207604103802052","0.207604103802052",""
"ICU Beds - Bar","2020-06-12","2020-06-11","Adult Intensive Care Unit Beds Available
","347","0.208533653846154","0.208533653846154",""
"ICU Beds - Bar","2020-06-11","2020-06-10","Adult Intensive Care Unit Beds Available
","337","0.202402402402402","0.202402402402402",""
"ICU Beds - Bar","2020-06-10","2020-06-09","Adult Intensive Care Unit Beds Available
","373","0.22496984318456","0.22496984318456",""
"ICU Beds - Bar","2020-06-09","2020-06-08","Adult Intensive Care Unit Beds Available
","355","0.214242607121304","0.214242607121304",""
"ICU Beds - Bar","2020-06-08","2020-06-07","Adult Intensive Care Unit Beds Available
","400","0.241254523522316","0.241254523522316",""
"ICU Beds - Bar","2020-06-07","2020-06-06","Adult Intensive Care Unit Beds Available
","363","0.233440514469453","0.233440514469453",""
"ICU Beds - Bar","2020-06-06","2020-06-05","Adult Intensive Care Unit Beds Available
","364","0.232291001914486","0.232291001914486",""
"ICU Beds - Bar","2020-06-05","2020-06-04","Adult Intensive Care Unit Beds Available
","369","0.235481812380345","0.235481812380345",""
"ICU Beds - Bar","2020-06-04","2020-06-03","Adult Intensive Care Unit Beds Available
","375","0.239158163265306","0.239158163265306",""
"ICU Beds - Bar","2020-06-03","2020-06-02","Adult Intensive Care Unit Beds Available
","374","0.223150357995227","0.223150357995227",""
"ICU Beds - Bar","2020-06-02","2020-06-01","Adult Intensive Care Unit Beds Available
","395","0.235961768219833","0.235961768219833",""
"ICU Beds - Bar","2020-06-01","2020-05-31","Adult Intensive Care Unit Beds Available
","419","0.250598086124402","0.250598086124402",""
"ICU Beds - Bar","2020-05-31","2020-05-30","Adult Intensive Care Unit Beds Available
","408","0.244019138755981","0.244019138755981",""
"ICU Beds - Bar","2020-05-30","2020-05-29","Adult Intensive Care Unit Beds Available
","385","0.231370192307692","0.231370192307692",""
"ICU Beds - Bar","2020-05-29","2020-05-28","Adult Intensive Care Unit Beds Available
","405","0.243243243243243","0.243243243243243",""
"ICU Beds - Bar","2020-05-28","2020-05-27","Adult Intensive Care Unit Beds Available
","411","0.24566646742379","0.24566646742379",""
"ICU Beds - Bar","2020-05-27","2020-05-26","Adult Intensive Care Unit Beds Available
","418","0.251504211793021","0.251504211793021",""
"ICU Beds - Bar","2020-05-26","2020-05-25","Adult Intensive Care Unit Beds Available
","405","0.243829018663456","0.243829018663456",""
"ICU Beds - Bar","2020-05-25","2020-05-24","Adult Intensive Care Unit Beds Available
","427","0.256919374247894","0.256919374247894",""
"ICU Beds - Bar","2020-05-24","2020-05-23","Adult Intensive Care Unit Beds Available
","406","0.243843843843844","0.243843843843844",""
"ICU Beds - Bar","2020-05-23","2020-05-22","Adult Intensive Care Unit Beds Available
","358","0.216444981862152","0.216444981862152",""
"ICU Beds - Bar","2020-05-22","2020-05-21","Adult Intensive Care Unit Beds Available
","364","0.219277108433735","0.219277108433735",""
"ICU Beds - Bar","2020-05-21","2020-05-20","Adult Intensive Care Unit Beds Available
","387","0.234261501210654","0.234261501210654",""
"ICU Beds - Bar","2020-05-20","2020-05-19","Adult Intensive Care Unit Beds Available
","398","0.240483383685801","0.240483383685801",""
"ICU Beds - Bar","2020-05-19","2020-05-18","Adult Intensive Care Unit Beds Available
","429","0.257967528562838","0.257967528562838",""
"ICU Beds - Bar","2020-05-18","2020-05-17","Adult Intensive Care Unit Beds Available
","442","0.265784726398076","0.265784726398076",""
"ICU Beds - Bar","2020-05-17","2020-05-16","Adult Intensive Care Unit Beds Available
","451","0.271850512356841","0.271850512356841",""
"ICU Beds - Bar","2020-05-16","2020-05-15","Adult Intensive Care Unit Beds Available
","454","0.27185628742515","0.27185628742515",""
"ICU Beds - Bar","2020-05-15","2020-05-14","Adult Intensive Care Unit Beds Available
","469","0.281006590772918","0.281006590772918",""
"ICU Beds - Bar","2020-05-14","2020-05-13","Adult Intensive Care Unit Beds Available
","451","0.275","0.275",""
"ICU Beds - Bar","2020-05-13","2020-05-12","Adult Intensive Care Unit Beds Available
","452","0.273939393939394","0.273939393939394",""
"ICU Beds - Bar","2020-05-12","2020-05-11","Adult Intensive Care Unit Beds Available
","482","0.293187347931874","0.293187347931874",""
"ICU Beds - Bar","2020-05-11","2020-05-10","Adult Intensive Care Unit Beds Available
","529","0.32138517618469","0.32138517618469",""
"ICU Beds - Bar","2020-05-10","2020-05-09","Adult Intensive Care Unit Beds Available
","460","0.279635258358663","0.279635258358663",""
"ICU Beds - Bar","2020-05-09","2020-05-08","Adult Intensive Care Unit Beds Available
","487","0.295689131754706","0.295689131754706",""
"ICU Beds - Bar","2020-05-08","2020-05-07","Adult Intensive Care Unit Beds Available
","489","0.296723300970874","0.296723300970874",""
"ICU Beds - Bar","2020-05-07","2020-05-06","Adult Intensive Care Unit Beds Available
","488","0.296116504854369","0.296116504854369",""
"ICU Beds - Bar","2020-05-06","2020-05-05","Adult Intensive Care Unit Beds Available
","521","0.316332726168792","0.316332726168792",""
"ICU Beds - Bar","2020-05-05","2020-05-04","Adult Intensive Care Unit Beds Available
","541","0.327680193821926","0.327680193821926",""
"ICU Beds - Bar","2020-05-04","2020-05-03","Adult Intensive Care Unit Beds Available
","567","0.343636363636364","0.343636363636364",""
"ICU Beds - Bar","2020-05-03","2020-05-02","Adult Intensive Care Unit Beds Available
","544","0.330097087378641","0.330097087378641",""
"ICU Beds - Bar","2020-05-02","2020-05-01","Adult Intensive Care Unit Beds Available
","552","0.335154826958106","0.335154826958106",""
"ICU Beds - Bar","2020-05-01","2020-04-30","Adult Intensive Care Unit Beds Available
","546","0.3327239488117","0.3327239488117",""
"ICU Beds - Bar","2020-04-30","2020-04-29","Adult Intensive Care Unit Beds Available
","546","0.330108827085852","0.330108827085852",""
"ICU Beds - Bar","2020-04-29","2020-04-28","Adult Intensive Care Unit Beds Available
","500","0.303766707168894","0.303766707168894",""
"ICU Beds - Bar","2020-04-28","2020-04-27","Adult Intensive Care Unit Beds Available
","563","0.341833636915604","0.341833636915604",""
"ICU Beds - Bar","2020-04-27","2020-04-26","Adult Intensive Care Unit Beds Available
","578","0.34590065828845","0.34590065828845",""
"ICU Beds - Bar","2020-04-26","2020-04-25","Adult Intensive Care Unit Beds Available
","519","0.312274368231047","0.312274368231047",""
"ICU Beds - Bar","2020-04-25","2020-04-24","Adult Intensive Care Unit Beds Available
","520","0.313064419024684","0.313064419024684",""
"ICU Beds - Bar","2020-04-24","2020-04-23","Adult Intensive Care Unit Beds Available
","507","0.305790108564536","0.305790108564536",""
"ICU Beds - Bar","2020-04-23","2020-04-22","Adult Intensive Care Unit Beds Available
","532","0.32360097323601","0.32360097323601",""
"ICU Beds - Bar","2020-04-22","2020-04-21","Adult Intensive Care Unit Beds Available
","465","0.279783393501805","0.279783393501805",""
"ICU Beds - Bar","2020-04-21","2020-04-20","Adult Intensive Care Unit Beds Available
","508","0.304556354916067","0.304556354916067",""
"ICU Beds - Bar","2020-04-20","2020-04-19","Adult Intensive Care Unit Beds Available
","566","0.34282253179891","0.34282253179891",""
"ICU Beds - Bar","2020-04-19","2020-04-18","Adult Intensive Care Unit Beds Available
","595","0.361262902246509","0.361262902246509",""
"ICU Beds - Bar","2020-04-18","2020-04-17","Adult Intensive Care Unit Beds Available
","545","0.33090467516697","0.33090467516697",""
"ICU Beds - Bar","2020-04-17","2020-04-16","Adult Intensive Care Unit Beds Available
","620","0.376442015786278","0.376442015786278",""
"ICU Beds - Bar","2020-04-16","2020-04-15","Adult Intensive Care Unit Beds Available
","650","0.395136778115502","0.395136778115502",""
"ICU Beds - Bar","2020-04-15","2020-04-14","Adult Intensive Care Unit Beds Available
","585","0.36178107606679","0.36178107606679",""
"ICU Beds - Bar","2020-04-14","2020-04-13","Adult Intensive Care Unit Beds Available
","616","0.382846488502175","0.382846488502175",""
"ICU Beds - Bar","2020-04-13","2020-04-12","Adult Intensive Care Unit Beds Available
","561","0.353274559193955","0.353274559193955",""
"ICU Beds - Bar","2020-04-12","2020-04-11","Adult Intensive Care Unit Beds Available
","555","0.353278166772756","0.353278166772756",""
"ICU Beds - Bar","2020-04-11","2020-04-10","Adult Intensive Care Unit Beds Available
","542","0.342604298356511","0.342604298356511",""
"ICU Beds - Bar","2020-04-10","2020-04-09","Adult Intensive Care Unit Beds Available
","557","0.351197982345523","0.351197982345523",""
"ICU Beds - Bar","2020-04-09","2020-04-08","Adult Intensive Care Unit Beds Available
","607","0.387611749680715","0.387611749680715",""
"ICU Beds - Bar","2020-04-08","2020-04-07","Adult Intensive Care Unit Beds Available
","577","0.367750159337157","0.367750159337157",""
"ICU Beds - Bar","2020-04-07","2020-04-06","Adult Intensive Care Unit Beds Available
","599","0.379835129993659","0.379835129993659",""
"ICU Beds - Bar","2020-04-06","2020-04-05","Adult Intensive Care Unit Beds Available
","549","0.346809854706254","0.346809854706254",""
"ICU Beds - Bar","2020-04-05","2020-04-04","Adult Intensive Care Unit Beds Available
","563","0.357460317460317","0.357460317460317",""
"ICU Beds - Bar","2020-04-04","2020-04-03","Adult Intensive Care Unit Beds Available
","538","0.342457033736474","0.342457033736474",""
"ICU Beds - Bar","2020-04-03","2020-04-02","Adult Intensive Care Unit Beds Available
","525","0.33375715193897","0.33375715193897",""
"ICU Beds - Bar","2020-04-02","2020-04-01","Adult Intensive Care Unit Beds Available
","517","0.332689832689833","0.332689832689833",""
"ICU Beds - Bar","2020-04-01","2020-03-31","Adult Intensive Care Unit Beds Available
","498","0.318414322250639","0.318414322250639",""
"ICU Beds - Bar","2020-03-31","2020-03-30","Adult Intensive Care Unit Beds Available
","467","0.298784388995522","0.298784388995522",""
"ICU Beds - Bar","2020-03-30","2020-03-29","Adult Intensive Care Unit Beds Available
","477","0.309338521400778","0.309338521400778",""
"ICU Beds - Bar","2020-03-29","2020-03-28","Adult Intensive Care Unit Beds Available
","514","0.346594740391099","0.346594740391099",""
"ICU Beds - Bar","2020-03-28","2020-03-27","Adult Intensive Care Unit Beds Available
","474","0.320920785375762","0.320920785375762",""
"ICU Beds - Bar","2020-03-27","2020-03-26","Adult Intensive Care Unit Beds Available
","461","0.317931034482759","0.317931034482759",""
"ICU Beds - Bar","2020-03-26","","Adult Intensive Care Unit Beds Available
","458","0.381984987489575","0.381984987489575",""
"Info button"," ","","","","","",""
